{
  "accuracy": 0.6246923707957343,
  "precision_macro": 0.7053953835389549,
  "recall_macro": 0.6648154712670842,
  "f1_macro": 0.6371260507587878,
  "precision_micro": 0.6246923707957343,
  "recall_micro": 0.6246923707957343,
  "f1_micro": 0.6246923707957343,
  "per_class_metrics": {
    "Negative": {
      "precision": 0.9032921810699589,
      "recall": 0.40201465201465203,
      "f1": 0.5564005069708492
    },
    "Neutral": {
      "precision": 0.48708751793400284,
      "recall": 0.8424317617866005,
      "f1": 0.6172727272727273
    },
    "Positive": {
      "precision": 0.7258064516129032,
      "recall": 0.75,
      "f1": 0.7377049180327869
    }
  }
}