{
  "accuracy": 0.6882690730106645,
  "precision_macro": 0.678478550736746,
  "recall_macro": 0.6993603966722247,
  "f1_macro": 0.6861796307265097,
  "precision_micro": 0.6882690730106645,
  "recall_micro": 0.6882690730106645,
  "f1_micro": 0.6882690730106645,
  "per_class_metrics": {
    "Positive": {
      "precision": 0.6819571865443425,
      "recall": 0.825925925925926,
      "f1": 0.7470686767169179
    },
    "Neutral": {
      "precision": 0.5738341968911918,
      "recall": 0.5496277915632755,
      "f1": 0.5614702154626109
    },
    "Negative": {
      "precision": 0.7796442687747036,
      "recall": 0.7225274725274725,
      "f1": 0.75
    }
  }
}