{
  "accuracy": 0.6562756357670222,
  "precision_macro": 0.6569626759111457,
  "recall_macro": 0.6831738154318799,
  "f1_macro": 0.6595266353166737,
  "precision_micro": 0.6562756357670222,
  "recall_micro": 0.6562756357670222,
  "f1_micro": 0.6562756357670222,
  "per_class_metrics": {
    "Negative": {
      "precision": 0.8167664670658683,
      "recall": 0.6245421245421245,
      "f1": 0.707836014530358
    },
    "Positive": {
      "precision": 0.6332882273342354,
      "recall": 0.8666666666666667,
      "f1": 0.7318217357310399
    },
    "Neutral": {
      "precision": 0.5208333333333334,
      "recall": 0.5583126550868487,
      "f1": 0.5389221556886228
    }
  }
}