{
  "accuracy": 0.6086956521739131,
  "precision_macro": 0.7394831859768987,
  "recall_macro": 0.6852567384825449,
  "f1_macro": 0.6172388847919242,
  "precision_micro": 0.6086956521739131,
  "recall_micro": 0.6086956521739131,
  "f1_micro": 0.6086956521739131,
  "per_class_metrics": {
    "Neutral": {
      "precision": 0.4736156351791531,
      "recall": 0.901985111662531,
      "f1": 0.6211020931225972
    },
    "Positive": {
      "precision": 0.784688995215311,
      "recall": 0.9111111111111111,
      "f1": 0.8431876606683805
    },
    "Negative": {
      "precision": 0.9601449275362319,
      "recall": 0.24267399267399267,
      "f1": 0.38742690058479534
    }
  }
}