{
  "accuracy": 0.6960623461853979,
  "precision_macro": 0.6997294696202885,
  "recall_macro": 0.7055216388549722,
  "f1_macro": 0.7001552752026058,
  "precision_micro": 0.6960623461853979,
  "recall_micro": 0.6960623461853979,
  "f1_micro": 0.6960623461853979,
  "per_class_metrics": {
    "Positive": {
      "precision": 0.7307692307692307,
      "recall": 0.774074074074074,
      "f1": 0.7517985611510791
    },
    "Neutral": {
      "precision": 0.570964247020585,
      "recall": 0.6538461538461539,
      "f1": 0.6096009253903991
    },
    "Negative": {
      "precision": 0.7974549310710498,
      "recall": 0.6886446886446886,
      "f1": 0.7390663390663391
    }
  }
}