{
  "accuracy": 0.6562756357670222,
  "precision_macro": 0.7588715546158782,
  "recall_macro": 0.6819040179255232,
  "f1_macro": 0.669477309676148,
  "precision_micro": 0.6562756357670222,
  "recall_micro": 0.6562756357670222,
  "f1_micro": 0.6562756357670222,
  "per_class_metrics": {
    "Negative": {
      "precision": 0.945179584120983,
      "recall": 0.45787545787545786,
      "f1": 0.6169031462060457
    },
    "Neutral": {
      "precision": 0.5,
      "recall": 0.9119106699751861,
      "f1": 0.6458699472759226
    },
    "Positive": {
      "precision": 0.8314350797266514,
      "recall": 0.6759259259259259,
      "f1": 0.745658835546476
    }
  }
}