{
  "accuracy": 0.7116488925348646,
  "precision_macro": 0.7316592441857233,
  "recall_macro": 0.7442063710880915,
  "f1_macro": 0.7189483976226753,
  "precision_micro": 0.7116488925348646,
  "recall_micro": 0.7116488925348646,
  "f1_micro": 0.7116488925348646,
  "per_class_metrics": {
    "Positive": {
      "precision": 0.6866295264623955,
      "recall": 0.912962962962963,
      "f1": 0.7837837837837838
    },
    "Negative": {
      "precision": 0.9484679665738162,
      "recall": 0.6236263736263736,
      "f1": 0.7524861878453039
    },
    "Neutral": {
      "precision": 0.5598802395209581,
      "recall": 0.6960297766749379,
      "f1": 0.620575221238938
    }
  }
}