{
  "accuracy": 0.6972928630024611,
  "precision_macro": 0.7001041152719497,
  "recall_macro": 0.7060170415009125,
  "f1_macro": 0.7007854033899186,
  "precision_micro": 0.6972928630024611,
  "recall_micro": 0.6972928630024611,
  "f1_micro": 0.6972928630024611,
  "per_class_metrics": {
    "Negative": {
      "precision": 0.79768177028451,
      "recall": 0.6932234432234432,
      "f1": 0.7417932386085252
    },
    "Neutral": {
      "precision": 0.5736095965103599,
      "recall": 0.652605459057072,
      "f1": 0.6105629715612304
    },
    "Positive": {
      "precision": 0.7290209790209791,
      "recall": 0.7722222222222223,
      "f1": 0.75
    }
  }
}