{
  "accuracy": 0.6201804757998359,
  "precision_macro": 0.7035494959523775,
  "recall_macro": 0.6610373696395202,
  "f1_macro": 0.6328810831750765,
  "precision_micro": 0.6201804757998359,
  "recall_micro": 0.6201804757998359,
  "f1_micro": 0.6201804757998359,
  "per_class_metrics": {
    "Negative": {
      "precision": 0.9014675052410901,
      "recall": 0.39377289377289376,
      "f1": 0.5481198215423837
    },
    "Neutral": {
      "precision": 0.4825622775800712,
      "recall": 0.8411910669975186,
      "f1": 0.6132971506105834
    },
    "Positive": {
      "precision": 0.7266187050359713,
      "recall": 0.7481481481481481,
      "f1": 0.7372262773722628
    }
  }
}