{
  "accuracy": 0.6431501230516817,
  "precision_macro": 0.6758762271082072,
  "recall_macro": 0.7015691397411827,
  "f1_macro": 0.6467507180565009,
  "precision_micro": 0.6431501230516817,
  "recall_micro": 0.6431501230516817,
  "f1_micro": 0.6431501230516817,
  "per_class_metrics": {
    "Negative": {
      "precision": 0.8989547038327527,
      "recall": 0.4725274725274725,
      "f1": 0.6194477791116446
    },
    "Neutral": {
      "precision": 0.5589189189189189,
      "recall": 0.641439205955335,
      "f1": 0.5973425765453495
    },
    "Positive": {
      "precision": 0.56975505857295,
      "recall": 0.9907407407407407,
      "f1": 0.7234617985125085
    }
  }
}