{
  "accuracy": 0.7227235438884332,
  "precision_macro": 0.7108350569688051,
  "recall_macro": 0.7316624434904004,
  "f1_macro": 0.7178118617690391,
  "precision_micro": 0.7227235438884332,
  "recall_micro": 0.7227235438884332,
  "f1_micro": 0.7227235438884332,
  "per_class_metrics": {
    "Negative": {
      "precision": 0.7872340425531915,
      "recall": 0.7793040293040293,
      "f1": 0.7832489645651174
    },
    "Positive": {
      "precision": 0.711890243902439,
      "recall": 0.8648148148148148,
      "f1": 0.7809364548494984
    },
    "Neutral": {
      "precision": 0.6333808844507846,
      "recall": 0.5508684863523573,
      "f1": 0.5892501658925017
    }
  }
}