{
  "accuracy": 0.6948318293683347,
  "precision_macro": 0.7202248824172761,
  "recall_macro": 0.7270106038923244,
  "f1_macro": 0.7041236664143469,
  "precision_micro": 0.6948318293683347,
  "recall_micro": 0.6948318293683347,
  "f1_micro": 0.6948318293683347,
  "per_class_metrics": {
    "Positive": {
      "precision": 0.6897546897546898,
      "recall": 0.8851851851851852,
      "f1": 0.7753446877534469
    },
    "Neutral": {
      "precision": 0.5378715244487057,
      "recall": 0.6960297766749379,
      "f1": 0.6068144943212548
    },
    "Negative": {
      "precision": 0.9330484330484331,
      "recall": 0.5998168498168498,
      "f1": 0.7302118171683389
    }
  }
}