{
  "accuracy": 0.6903199343724364,
  "precision_macro": 0.6803353643420892,
  "recall_macro": 0.7017273447380975,
  "f1_macro": 0.6880997369123968,
  "precision_micro": 0.6903199343724364,
  "recall_micro": 0.6903199343724364,
  "f1_micro": 0.6903199343724364,
  "per_class_metrics": {
    "Negative": {
      "precision": 0.7837301587301587,
      "recall": 0.7234432234432234,
      "f1": 0.7523809523809524
    },
    "Positive": {
      "precision": 0.6808510638297872,
      "recall": 0.8296296296296296,
      "f1": 0.7479131886477463
    },
    "Neutral": {
      "precision": 0.5764248704663213,
      "recall": 0.5521091811414393,
      "f1": 0.5640050697084917
    }
  }
}