{
  "accuracy": 0.7083675143560295,
  "precision_macro": 0.5319671726170766,
  "recall_macro": 0.5457803248125829,
  "f1_macro": 0.5363109838386865,
  "precision_micro": 0.7083675143560295,
  "recall_micro": 0.7083675143560295,
  "f1_micro": 0.7083675143560295,
  "per_class_metrics": {
    "Positive": {
      "precision": 0.7396825396825397,
      "recall": 0.8629629629629629,
      "f1": 0.7965811965811965
    },
    "Negative": {
      "precision": 0.8051391862955032,
      "recall": 0.6886446886446886,
      "f1": 0.7423494570582428
    },
    "Neutral": {
      "precision": 0.5830469644902635,
      "recall": 0.6315136476426799,
      "f1": 0.6063132817153067
    },
    "Error": {
      "precision": 0.0,
      "recall": 0.0,
      "f1": 0.0
    }
  }
}