{
  "accuracy": 0.5668580803937654,
  "precision_macro": 0.7169362797791493,
  "recall_macro": 0.6304038056726228,
  "f1_macro": 0.5771961151287649,
  "precision_micro": 0.5668580803937654,
  "recall_micro": 0.5668580803937654,
  "f1_micro": 0.5668580803937654,
  "per_class_metrics": {
    "Neutral": {
      "precision": 0.43157224697644814,
      "recall": 0.8411910669975186,
      "f1": 0.5704669751787969
    },
    "Positive": {
      "precision": 0.730185497470489,
      "recall": 0.8018518518518518,
      "f1": 0.764342453662842
    },
    "Negative": {
      "precision": 0.9890510948905109,
      "recall": 0.24816849816849818,
      "f1": 0.3967789165446559
    }
  }
}