{
  "accuracy": 0.6460213289581624,
  "precision_macro": 0.72402484169189,
  "recall_macro": 0.6960706955330611,
  "f1_macro": 0.6644631731693066,
  "precision_micro": 0.6460213289581624,
  "recall_micro": 0.6460213289581624,
  "f1_micro": 0.6460213289581624,
  "per_class_metrics": {
    "Positive": {
      "precision": 0.7363494539781591,
      "recall": 0.8740740740740741,
      "f1": 0.7993226079593565
    },
    "Negative": {
      "precision": 0.9519038076152304,
      "recall": 0.434981684981685,
      "f1": 0.5971087366436204
    },
    "Neutral": {
      "precision": 0.48382126348228044,
      "recall": 0.7791563275434243,
      "f1": 0.596958174904943
    }
  }
}