{
  "accuracy": 0.6628383921246924,
  "precision_macro": 0.7149305696755149,
  "recall_macro": 0.7071312598194318,
  "f1_macro": 0.6769237176065551,
  "precision_micro": 0.6628383921246924,
  "recall_micro": 0.6628383921246924,
  "f1_micro": 0.6628383921246924,
  "per_class_metrics": {
    "Neutral": {
      "precision": 0.5012964563526361,
      "recall": 0.7196029776674938,
      "f1": 0.5909322465613857
    },
    "Negative": {
      "precision": 0.9550173010380623,
      "recall": 0.5054945054945055,
      "f1": 0.6610778443113773
    },
    "Positive": {
      "precision": 0.6884779516358464,
      "recall": 0.8962962962962963,
      "f1": 0.7787610619469026
    }
  }
}