{
  "accuracy": 0.6829368334700574,
  "precision_macro": 0.6693398322219472,
  "recall_macro": 0.6841869401009185,
  "f1_macro": 0.6730861023405655,
  "precision_micro": 0.6829368334700574,
  "recall_micro": 0.6829368334700574,
  "f1_micro": 0.6829368334700574,
  "per_class_metrics": {
    "Positive": {
      "precision": 0.6916932907348243,
      "recall": 0.8018518518518518,
      "f1": 0.7427101200686106
    },
    "Neutral": {
      "precision": 0.5817901234567902,
      "recall": 0.46774193548387094,
      "f1": 0.5185694635488308
    },
    "Negative": {
      "precision": 0.7345360824742269,
      "recall": 0.782967032967033,
      "f1": 0.7579787234042553
    }
  }
}