{
  "accuracy": 0.5373256767842494,
  "precision_macro": 0.6683727366271487,
  "recall_macro": 0.6066949378777337,
  "f1_macro": 0.5463961559576123,
  "precision_micro": 0.5373256767842494,
  "recall_micro": 0.5373256767842494,
  "f1_micro": 0.5373256767842494,
  "per_class_metrics": {
    "Neutral": {
      "precision": 0.4054982817869416,
      "recall": 0.7320099255583127,
      "f1": 0.5218929677134011
    },
    "Negative": {
      "precision": 0.9527272727272728,
      "recall": 0.23992673992673993,
      "f1": 0.3833211411850768
    },
    "Positive": {
      "precision": 0.6468926553672316,
      "recall": 0.8481481481481481,
      "f1": 0.7339743589743589
    }
  }
}