{
  "accuracy": 0.7050861361771944,
  "precision_macro": 0.5295057829306845,
  "recall_macro": 0.5432989352344191,
  "f1_macro": 0.5340038847273603,
  "precision_micro": 0.7050861361771944,
  "recall_micro": 0.7050861361771944,
  "f1_micro": 0.7050861361771944,
  "per_class_metrics": {
    "Positive": {
      "precision": 0.7396825396825397,
      "recall": 0.8629629629629629,
      "f1": 0.7965811965811965
    },
    "Error": {
      "precision": 0.0,
      "recall": 0.0,
      "f1": 0.0
    },
    "Neutral": {
      "precision": 0.5791907514450867,
      "recall": 0.6215880893300249,
      "f1": 0.599640933572711
    },
    "Negative": {
      "precision": 0.7991498405951116,
      "recall": 0.6886446886446886,
      "f1": 0.7397934087555337
    }
  }
}