{
  "accuracy": 0.6480721903199343,
  "precision_macro": 0.7495437399106765,
  "recall_macro": 0.6735889558470204,
  "f1_macro": 0.6609589880557148,
  "precision_micro": 0.6480721903199343,
  "recall_micro": 0.6480721903199343,
  "f1_micro": 0.6480721903199343,
  "per_class_metrics": {
    "Negative": {
      "precision": 0.9299242424242424,
      "recall": 0.44963369963369965,
      "f1": 0.6061728395061728
    },
    "Neutral": {
      "precision": 0.49490835030549896,
      "recall": 0.9044665012406948,
      "f1": 0.6397542781921896
    },
    "Positive": {
      "precision": 0.8237986270022883,
      "recall": 0.6666666666666666,
      "f1": 0.736949846468782
    }
  }
}