{
  "accuracy": 0.6829368334700574,
  "precision_macro": 0.6674283661599644,
  "recall_macro": 0.6858296024962692,
  "f1_macro": 0.6725075675863833,
  "precision_micro": 0.6829368334700574,
  "recall_micro": 0.6829368334700574,
  "f1_micro": 0.6829368334700574,
  "per_class_metrics": {
    "Positive": {
      "precision": 0.6842923794712286,
      "recall": 0.8148148148148148,
      "f1": 0.7438715131022823
    },
    "Neutral": {
      "precision": 0.5749613601236476,
      "recall": 0.46153846153846156,
      "f1": 0.5120440467997247
    },
    "Negative": {
      "precision": 0.7430313588850174,
      "recall": 0.7811355311355311,
      "f1": 0.7616071428571428
    }
  }
}