{
  "accuracy": 0.5430680885972108,
  "precision_macro": 0.6780634674360065,
  "recall_macro": 0.6147515765795335,
  "f1_macro": 0.551193141196343,
  "precision_micro": 0.5430680885972108,
  "recall_micro": 0.5430680885972108,
  "f1_micro": 0.5430680885972108,
  "per_class_metrics": {
    "Neutral": {
      "precision": 0.41111873713109126,
      "recall": 0.7431761786600496,
      "f1": 0.5293857711003094
    },
    "Negative": {
      "precision": 0.9699248120300752,
      "recall": 0.23626373626373626,
      "f1": 0.3799705449189985
    },
    "Positive": {
      "precision": 0.6531468531468532,
      "recall": 0.8648148148148148,
      "f1": 0.7442231075697211
    }
  }
}