{
  "accuracy": 0.6985233798195242,
  "precision_macro": 0.5130063944970144,
  "recall_macro": 0.5261991741830452,
  "f1_macro": 0.5118370189199757,
  "precision_micro": 0.6985233798195242,
  "recall_micro": 0.6985233798195242,
  "f1_micro": 0.6985233798195242,
  "per_class_metrics": {
    "Error": {
      "precision": 0.0,
      "recall": 0.0,
      "f1": 0.0
    },
    "Neutral": {
      "precision": 0.6352087114337568,
      "recall": 0.43424317617866004,
      "f1": 0.5158437730287398
    },
    "Negative": {
      "precision": 0.7408637873754153,
      "recall": 0.8168498168498168,
      "f1": 0.7770034843205574
    },
    "Positive": {
      "precision": 0.6759530791788856,
      "recall": 0.8537037037037037,
      "f1": 0.7545008183306056
    }
  }
}