{
  "accuracy": 0.5635767022149303,
  "precision_macro": 0.7165664118859808,
  "recall_macro": 0.629630286081899,
  "f1_macro": 0.5728884154388537,
  "precision_micro": 0.5635767022149303,
  "recall_micro": 0.5635767022149303,
  "f1_micro": 0.5635767022149303,
  "per_class_metrics": {
    "Neutral": {
      "precision": 0.4300189993666878,
      "recall": 0.8424317617866005,
      "f1": 0.569392033542977
    },
    "Positive": {
      "precision": 0.7312186978297162,
      "recall": 0.8111111111111111,
      "f1": 0.7690956979806848
    },
    "Negative": {
      "precision": 0.9884615384615385,
      "recall": 0.23534798534798534,
      "f1": 0.3801775147928994
    }
  }
}